Title,Date
"Palm Springs","23/09/2022"
"Hellsing Ultimate: Hellsing VI","21/09/2022"
"Rick and Morty: Season 6: Bethic Twinstinct","20/09/2022"
"The Umbrella Academy: Season 3: Oblivion","19/09/2022"
"The Umbrella Academy: Season 3: Seven Bells","19/09/2022"
"The Umbrella Academy: Season 3: Wedding at the End of the World","19/09/2022"
"The Umbrella Academy: Season 3: Auf Wiedersehen","19/09/2022"
"The Umbrella Academy: Season 3: Marigold","18/09/2022"
"The Umbrella Academy: Season 3: Kindest Cut","16/09/2022"
"The Umbrella Academy: Season 3: Kugelblitz","15/09/2022"
"The Umbrella Academy: Season 3: Pocket Full of Lightning","14/09/2022"
"Rick and Morty: Season 6: Rick: A Mort Well Lived","14/09/2022"
"The Umbrella Academy: Season 3: World's Biggest Ball of Twine","11/09/2022"
"The Umbrella Academy: Season 3: Meet the Family","09/09/2022"
"The Umbrella Academy: Season 1: We Only See Each Other at Weddings and Funerals","09/09/2022"
"Violet Evergarden: Episode 13","07/09/2022"
"Violet Evergarden: Episode 12","07/09/2022"
"Rick and Morty: Season 6: Solaricks","06/09/2022"
"Violet Evergarden: Episode 11","04/09/2022"
"Violet Evergarden: Episode 10","04/09/2022"
"Violet Evergarden: Episode 9","04/09/2022"
"Violet Evergarden: Episode 8","03/09/2022"
"Violet Evergarden: Episode 7","03/09/2022"
"Violet Evergarden: Episode 6","02/09/2022"
"Violet Evergarden: Episode 5","02/09/2022"
"Violet Evergarden: Episode 4","01/09/2022"
"Violet Evergarden: Episode 3","01/09/2022"
"Violet Evergarden: Episode 2","01/09/2022"
"Violet Evergarden: Episode 1","30/08/2022"
"SPY x FAMILY: Operation Strix","30/08/2022"
"Brooklyn Nine-Nine: Season 8: The Last Day, Pt. 2","25/08/2022"
"Brooklyn Nine-Nine: Season 8: The Last Day, Pt. 1","24/08/2022"
"Brooklyn Nine-Nine: Season 8: Renewal","23/08/2022"
"Brooklyn Nine-Nine: Season 8: Game of Boyles","23/08/2022"
"Brooklyn Nine-Nine: Season 8: The Set Up","22/08/2022"
"Brooklyn Nine-Nine: Season 8: PB & J","22/08/2022"
"Rick and Morty: Season 5: Rickmurai Jack","22/08/2022"
"Rick and Morty: Season 5: Forgetting Sarick Mortshall","22/08/2022"
"Brooklyn Nine-Nine: Season 8: Balancing","20/08/2022"
"Brooklyn Nine-Nine: Season 8: Blue Flu","18/08/2022"
"Brooklyn Nine-Nine: Season 8: The Lake House","18/08/2022"
"Rick and Morty: Season 5: Rickternal Friendshine of the Spotless Mort","18/08/2022"
"Brooklyn Nine-Nine: Season 8: The Good Ones","18/08/2022"
"Rick and Morty: Season 5: GoTron Jerrysis Rickvangelian","18/08/2022"
"Rick and Morty: Season 5: Rick & Morty's Thanksploitation Spectacular","17/08/2022"
"Rick and Morty: Season 5: Amortycan Grickfitti","16/08/2022"
"Rick and Morty: Season 5: Rickdependence Spray","13/08/2022"
"Rick and Morty: Season 5: A Rickconvenient Mort","13/08/2022"
"Rick and Morty: Season 5: Mortyplicity","13/08/2022"
"Rick and Morty: Season 5: Mort Dinner Rick Andre","11/08/2022"
"Rick and Morty: Season 4: Star Mort Rick Turn of the Jerri","11/08/2022"
"Rick and Morty: Season 4: Childrick of Mort","10/08/2022"
"Monty Python's Flying Circus: Series 4: The Golden Age of Ballooning","08/08/2022"
"Rick and Morty: Season 4: The Vat of Acid Episode","08/08/2022"
"VINLAND SAGA: Episode 24","07/08/2022"
"VINLAND SAGA: Episode 23","07/08/2022"
"VINLAND SAGA: Episode 22","07/08/2022"
"VINLAND SAGA: Episode 21","07/08/2022"
"VINLAND SAGA: Episode 20","06/08/2022"
"VINLAND SAGA: Episode 19","06/08/2022"
"VINLAND SAGA: Episode 18","06/08/2022"
"VINLAND SAGA: Episode 17","06/08/2022"
"VINLAND SAGA: Episode 16","06/08/2022"
"VINLAND SAGA: Episode 15","06/08/2022"
"VINLAND SAGA: Episode 14","06/08/2022"
"VINLAND SAGA: Episode 13","06/08/2022"
"VINLAND SAGA: Episode 12","06/08/2022"
"Rick and Morty: Season 4: Promortyus","06/08/2022"
"VINLAND SAGA: Episode 11","06/08/2022"
"VINLAND SAGA: Episode 10","06/08/2022"
"VINLAND SAGA: Episode 9","05/08/2022"
"Rick and Morty: Season 4: Never Ricking Morty","04/08/2022"
"Rick and Morty: Season 4: Rattlestar Ricklactica","04/08/2022"
"VINLAND SAGA: Episode 8","04/08/2022"
"VINLAND SAGA: Episode 7","04/08/2022"
"VINLAND SAGA: Episode 6","04/08/2022"
"VINLAND SAGA: Episode 5","04/08/2022"
"VINLAND SAGA: Episode 4","02/08/2022"
"VINLAND SAGA: Episode 3","02/08/2022"
"VINLAND SAGA: Episode 2","02/08/2022"
"VINLAND SAGA: Episode 1","02/08/2022"
"Dark: Season 3: The Paradise","01/08/2022"
"Dark: Season 3: Between the Time","01/08/2022"
"Dark: Season 3: Light and Shadow","01/08/2022"
"Rick and Morty: Season 4: Claw and Hoarder: Special Ricktim’s Morty","31/07/2022"
"Rick and Morty: Season 4: One Crew over the Crewcoo’s Morty","31/07/2022"
"Dark: Season 3: Life and Death","31/07/2022"
"Dark: Season 3: The Origin","29/07/2022"
"Rick and Morty: Season 4: The Old Man and the Seat","29/07/2022"
"Dark: Season 3: Adam and Eva","29/07/2022"
"Rick and Morty: Season 4: Edge of Tomorty: Rick Die Rickpeat","28/07/2022"
"Rick and Morty: Season 3: The Rickchurian Mortydate","27/07/2022"
"Dark: Season 3: The Survivors","26/07/2022"
"Dark: Season 3: Deja-vu","26/07/2022"
"Rick and Morty: Season 3: The ABC's of Beth","26/07/2022"
"Rick and Morty: Season 3: Morty's Mind Blowers","25/07/2022"
"Rick and Morty: Season 3: The Ricklantis Mixup","24/07/2022"
"Rick and Morty: Season 3: Rest and Ricklaxation","23/07/2022"
"Rick and Morty: Season 3: The Whirly Dirly Conspiracy","23/07/2022"
"Rick and Morty: Season 3: Vindicators 3:  The Return of Worldender","23/07/2022"
"Rick and Morty: Season 3: Pickle Rick","22/07/2022"
"Rick and Morty: Season 3: Rickmancing the Stone","22/07/2022"
"Rick and Morty: Season 3: The Rickshank Rickdemption","21/07/2022"
"Rick and Morty: Season 2: The Wedding Squanchers","21/07/2022"
"Dark: Season 2: Endings and Beginnings","20/07/2022"
"Rick and Morty: Season 2: Look Who's Purging Now","20/07/2022"
"Rick and Morty: Season 2: Interdimensional Cable 2: Tempting Fate","20/07/2022"
"Dark: Season 2: The White Devil","20/07/2022"
"Rick and Morty: Season 2: Big Trouble in Little Sanchez","19/07/2022"
"Dark: Season 2: An Endless Cycle","19/07/2022"
"Dark: Season 2: Lost and Found","18/07/2022"
"Rick and Morty: Season 2: The Ricks Must Be Crazy","16/07/2022"
"Rick and Morty: Season 2: Get Schwifty","16/07/2022"
"Rick and Morty: Season 2: Total Rickall","15/07/2022"
"Rick and Morty: Season 2: Auto Erotic Assimilation","15/07/2022"
"Dark: Season 2: The Travelers","14/07/2022"
"Dark: Season 2: Ghosts","13/07/2022"
"Dark: Season 2: Dark Matter","12/07/2022"
"Dark: Season 2: Beginnings and Endings","11/07/2022"
"Rick and Morty: Season 2: Mortynight Run","10/07/2022"
"Rick and Morty: Season 2: A Rickle in Time","10/07/2022"
"Hellsing Ultimate: Hellsing V","10/07/2022"
"Hellsing Ultimate: Hellsing IV","09/07/2022"
"Rick and Morty: Season 1: Ricksy Business","09/07/2022"
"Jujutsu Kaisen: Episode 1","09/07/2022"
"Rick and Morty: Season 1: Close Rick-counters of the Rick Kind","09/07/2022"
"Hellsing Ultimate: Hellsing III","05/07/2022"
"Rick and Morty: Season 1: Something Ricked This Way Comes","03/07/2022"
"Dark: Season 1: Alpha and Omega","03/07/2022"
"Dark: Season 1: Everything Is Now","02/07/2022"
"Hellsing Ultimate: Hellsing II","01/07/2022"
"Dark: Season 1: As You Sow, So You Shall Reap","01/07/2022"
"Hellsing Ultimate: Hellsing I","30/06/2022"
"Dark: Season 1: Crossroads","30/06/2022"
"Dark: Season 1: Sic Mundus Creatus Est","29/06/2022"
"Rick and Morty: Season 1: Rixty Minutes","28/06/2022"
"Rick and Morty: Season 1: Raising Gazorpazorp","28/06/2022"
"Dark: Season 1: Truths","28/06/2022"
"GLOW: Season 3: A Very GLOW Christmas","27/06/2022"
"GLOW: Season 3: The Libertines","27/06/2022"
"Dark: Season 1: Double Lives","26/06/2022"
"GLOW: Season 3: Keep Ridin'","26/06/2022"
"GLOW: Season 3: Hollywood Homecoming","26/06/2022"
"GLOW: Season 3: Outward Bound","26/06/2022"
"Dark: Season 1: Past and Present","25/06/2022"
"GLOW: Season 3: Freaky Tuesday","25/06/2022"
"GLOW: Season 3: Say Yes","25/06/2022"
"GLOW: Season 3: Desert Pollen","25/06/2022"
"Dark: Season 1: Lies","24/06/2022"
"GLOW: Season 3: Hot Tub Club","24/06/2022"
"Dark: Season 1: Secrets","24/06/2022"
"GLOW: Season 3: Up, Up, Up","23/06/2022"
"GLOW: Season 2: Every Potato Has a Receipt","23/06/2022"
"GLOW: Season 2: Rosalie","23/06/2022"
"GLOW: Season 2: The Good Twin","23/06/2022"
"GLOW: Season 2: Nothing Shattered","22/06/2022"
"GLOW: Season 2: Work the Leg","22/06/2022"
"GLOW: Season 2: Perverts Are People, Too","22/06/2022"
"Stranger Things: Chapter One: The Vanishing of Will Byers","21/06/2022"
"Love, Death & Robots: Volume 3: Kill Team Kill","21/06/2022"
"GLOW: Season 2: Mother of All Matches","20/06/2022"
"GLOW: Season 2: Concerned Women of America","20/06/2022"
"GLOW: Season 2: Candy of the Year","20/06/2022"
"GLOW: Season 2: Viking Funeral","20/06/2022"
"GLOW: Season 1: This Is One of Those Moments","20/06/2022"
"GLOW: Season 1: Money’s in the Chase","19/06/2022"
"GLOW: Season 1: The Liberal Chokehold","18/06/2022"
"GLOW: Season 1: Maybe It’s All the Disco","18/06/2022"
"GLOW: Season 1: Live Studio Audience","17/06/2022"
"Rick and Morty: Season 1: Rick Potion #9","16/06/2022"
"GLOW: Season 1: Debbie Does Something","15/06/2022"
"GLOW: Season 1: The Dusty Spur","15/06/2022"
"GLOW: Season 1: The Wrath of Kuntar","15/06/2022"
"GLOW: Season 1: Slouch. Submit.","14/06/2022"
"GLOW: Season 1: Pilot","14/06/2022"
"Rick and Morty: Season 1: Meeseeks and Destroy","14/06/2022"
"Rick and Morty: Season 1: M. Night Shaym-Aliens!","14/06/2022"
"Rick and Morty: Season 1: Anatomy Park","14/06/2022"
"Love, Death & Robots: Volume 3: Jibaro","12/06/2022"
"Love, Death & Robots: Volume 3: In Vaulted Halls Entombed","12/06/2022"
"Love, Death & Robots: Volume 3: Mason's Rats","12/06/2022"
"Love, Death & Robots: Volume 3: Swarm","12/06/2022"
"Love, Death & Robots: Volume 3: Night of the Mini Dead","12/06/2022"
"Love, Death & Robots: Volume 3: The Very Pulse of the Machine","12/06/2022"
"Love, Death & Robots: Volume 3: Bad Travelling","12/06/2022"
"Love, Death & Robots: Volume 3: Three Robots: Exit Strategies","11/06/2022"
"Love, Death & Robots: Volume 2: The Drowned Giant","11/06/2022"
"Love, Death & Robots: Volume 2: Life Hutch","11/06/2022"
"Love, Death & Robots: Volume 2: All Through the House","11/06/2022"
"Love, Death & Robots: Volume 2: The Tall Grass","11/06/2022"
"Love, Death & Robots: Volume 2: Snow in the Desert","11/06/2022"
"Love, Death & Robots: Volume 2: Pop Squad","11/06/2022"
"Love, Death & Robots: Volume 2: Ice","11/06/2022"
"Love, Death & Robots: Volume 2: Automated Customer Service","11/06/2022"
"Love, Death & Robots: Volume 1: ZIMA BLUE","09/06/2022"
"Love, Death & Robots: Volume 1: BLINDSPOT","09/06/2022"
"Love, Death & Robots: Volume 1: LUCKY 13","09/06/2022"
"Love, Death & Robots: Volume 1: ALTERNATE HISTORIES","26/05/2022"
"Love, Death & Robots: Volume 1: HELPING HAND","26/05/2022"
"Love, Death & Robots: Volume 1: FISH NIGHT","26/05/2022"
"Love, Death & Robots: Volume 1: SHAPE-SHIFTERS","26/05/2022"
"Love, Death & Robots: Volume 1: THE DUMP","26/05/2022"
"Love, Death & Robots: Volume 1: GOOD HUNTING","26/05/2022"
"Love, Death & Robots: Volume 1: SUITS","26/05/2022"
"Love, Death & Robots: Volume 1: THE WITNESS","26/05/2022"
"Love, Death & Robots: Volume 1: SUCKER OF SOULS","25/05/2022"
"Love, Death & Robots: Volume 1: THE SECRET WAR","25/05/2022"
"Love, Death & Robots: Volume 1: WHEN THE YOGURT TOOK OVER","25/05/2022"
"Love, Death & Robots: Volume 1: SONNIE'S EDGE","25/05/2022"
"Love, Death & Robots: Volume 1: ICE AGE","25/05/2022"
"Love, Death & Robots: Volume 1: BEYOND THE AQUILA RIFT","24/05/2022"
"Love, Death & Robots: Volume 1: THREE ROBOTS","24/05/2022"
"Deadly Class: Sink with California","08/05/2022"
"Deadly Class: Kids of the Black Hole","08/05/2022"
"Deadly Class: The Clampdown","07/05/2022"
"Deadly Class: Rise Above","07/05/2022"
"Deadly Class: Stigmata Martyr","07/05/2022"
"Deadly Class: Saudade","04/05/2022"
"Deadly Class: Mirror People","03/05/2022"
"Norsemen: Season 3: Scrotum Whipping","02/05/2022"
"Norsemen: Season 3: Do You Believe in Dragons?","01/05/2022"
"Deadly Class: Snake Pit","10/04/2022"
"Norsemen: Season 3: War Table","09/04/2022"
"Deadly Class: Noise, Noise, Noise","09/04/2022"
"World War Z","09/04/2022"
"Deadly Class: Reagan Youth","03/04/2022"
"Tenet","30/03/2022"
"Norsemen: Season 3: Wedding and Sacrifice","27/03/2022"
"Black Clover: Asta and Yuno","26/03/2022"
"Lucifer: Season 6: Buckets of Baggage","26/03/2022"
"Johnny English Reborn","25/03/2022"
"Sword Art Online: Sword Art Online Alicization  War of Underworld: In the Far North","25/03/2022"
"Lucifer: Season 6: Nothing Ever Changes Around Here","24/03/2022"
"Black Mirror: Season 3: Shut Up and Dance","14/03/2022"
"Norsemen: Season 3: Bachelor Party","12/03/2022"
"Norsemen: Season 3: Thin Up Top","12/03/2022"
"Norsemen: Season 2: The Last Domino","11/03/2022"
"Norsemen: Season 2: The Thing","10/03/2022"
"Norsemen: Season 2: Vengeance","10/03/2022"
"Norsemen: Season 2: Hand Job","09/03/2022"
"Norsemen: Season 2: Slavebound","09/03/2022"
"Lucifer: Season 5: A Chance at a Happy Ending","06/03/2022"
"Lucifer: Season 5: Is This Really How It's Going to End?!","06/03/2022"
"The Big Bang Theory: Season 12: The Stockholm Syndrome","03/03/2022"
"The Big Bang Theory: Season 12: The Change Constant","03/03/2022"
"The Big Bang Theory: Season 12: The Maternal Conclusion","28/02/2022"
"Norsemen: Season 2: East vs West","28/02/2022"
"The Big Bang Theory: Season 12: The Plagiarism Schism","28/02/2022"
"The Big Bang Theory: Season 12: The Decision Reverberation","27/02/2022"
"The Big Bang Theory: Season 12: The Inspiration Deprivation","27/02/2022"
"The Big Bang Theory: Season 12: The Laureate Accumulation","27/02/2022"
"Norsemen: Season 1: The Duel","25/02/2022"
"Norsemen: Season 1: The Siege","25/02/2022"
"Norsemen: Season 1: The Raid","25/02/2022"
"Rick and Morty: Season 1: Lawnmower Dog","24/02/2022"
"The Big Bang Theory: Season 12: The Conference Valuation","24/02/2022"
"Norsemen: Season 1: The Funeral","24/02/2022"
"Norsemen: Season 1: The Escape","23/02/2022"
"Don't Look Up","23/02/2022"
"The Big Bang Theory: Season 12: The D & D Vortex","22/02/2022"
"The Big Bang Theory: Season 12: The Donation Oscillation","22/02/2022"
"Welcome","22/02/2022"
"Norsemen: Season 1: The Homecoming","22/02/2022"
"The Big Bang Theory: Season 12: The Meteorite Manifestation","22/02/2022"
"Lucifer: Season 5: Nothing Lasts Forever","21/02/2022"
"The Big Bang Theory: Season 12: The Confirmation Polarization","20/02/2022"
"The Big Bang Theory: Season 12: The Propagation Proposition","20/02/2022"
"The Big Bang Theory: Season 12: The Paintball Scattering","20/02/2022"
"The Big Bang Theory: Season 12: The VCR Illumination","19/02/2022"
"The Big Bang Theory: Season 12: The Citation Negation","19/02/2022"
"The Big Bang Theory: Season 12: The Consummation Deviation","19/02/2022"
"Black Mirror: Season 3: Playtest","19/02/2022"
"The Big Bang Theory: Season 12: The Grant Allocation Derivation","19/02/2022"
"The Big Bang Theory: Season 12: The Imitation Perturbation","19/02/2022"
"The Big Bang Theory: Season 12: The Planetarium Collision","17/02/2022"
"The Big Bang Theory: Season 12: The Tam Turbulence","17/02/2022"
"Lucifer: Season 5: A Little Harmless Stalking","17/02/2022"
"The Big Bang Theory: Season 12: The Procreation Calculation","15/02/2022"
"The Big Bang Theory: Season 12: The Wedding Gift Wormhole","15/02/2022"
"Lucifer: Season 5: Daniel Espinoza: Naked and Afraid","15/02/2022"
"The Big Bang Theory: Season 12: The Conjugal Configuration","14/02/2022"
"The Big Bang Theory: Season 11: The Bow Tie Asymmetry","14/02/2022"
"The Big Bang Theory: Season 11: The Sibling Realignment","14/02/2022"
"The Big Bang Theory: Season 11: The Monetary Insufficiency","14/02/2022"
"Demon Slayer: Kimetsu no Yaiba: Entertainment District Arc: No Matter How Many Times We Reborn","14/02/2022"
"The Big Bang Theory: Season 11: The Comet Polarization","13/02/2022"
"The Big Bang Theory: Season 11: The Reclusive Potential","13/02/2022"
"The Big Bang Theory: Season 11: The Tenant Disassociation","13/02/2022"
"Lucifer: Season 5: Resting Devil Face","12/02/2022"
"The Big Bang Theory: Season 11: The Gates Excitation","12/02/2022"
"Lucifer: Season 5: Bloody Celestial Karaoke Jam","11/02/2022"
"The Big Bang Theory: Season 11: The Athenaeum Allocation","11/02/2022"
"The Big Bang Theory: Season 11: The Neonatal Nomenclature","11/02/2022"
"The Big Bang Theory: Season 11: The Novelization Correlation","10/02/2022"
"The Big Bang Theory: Season 11: The Separation Triangulation","09/02/2022"
"Lucifer: Season 5: Family Dinner","09/02/2022"
"Terminator 2: Judgment Day","09/02/2022"
"The Dictator","09/02/2022"
"Lucifer: Season 5: Spoiler Alert","08/02/2022"
"The Big Bang Theory: Season 11: The Solo Oscillation","08/02/2022"
"The Big Bang Theory: Season 11: The Matrimonial Metric","08/02/2022"
"The Big Bang Theory: Season 11: The Celebration Reverberation","07/02/2022"
"The Big Bang Theory: Season 11: The Confidence Erosion","07/02/2022"
"Demon Slayer: Kimetsu no Yaiba: Entertainment District Arc: I Will Never Give Up","07/02/2022"
"The Big Bang Theory: Season 11: The Bitcoin Entanglement","06/02/2022"
"The Big Bang Theory: Season 11: The Tesla Recoil","06/02/2022"
"Lucifer: Season 5: Our Mojo","06/02/2022"
"The Big Bang Theory: Season 11: The Geology Methodology","06/02/2022"
"The Big Bang Theory: Season 11: The Proton Regeneration","06/02/2022"
"The Big Bang Theory: Season 11: The Collaboration Contamination","05/02/2022"
"Lucifer: Season 5: BlueBallz","05/02/2022"
"Lucifer: Season 5: Detective Amenadiel","05/02/2022"
"The Big Bang Theory: Season 11: The Explosion Implosion","04/02/2022"
"The Big Bang Theory: Season 11: The Relaxation Integration","04/02/2022"
"The Big Bang Theory: Season 11: The Retraction Reaction","04/02/2022"
"The Big Bang Theory: Season 11: The Proposal Proposal","04/02/2022"
"The Big Bang Theory: Season 10: The Long Distance Dissonance","04/02/2022"
"The Big Bang Theory: Season 10: The Gyroscopic Collapse","04/02/2022"
"The Big Bang Theory: Season 10: The Cognition Regeneration","04/02/2022"
"Chappie","04/02/2022"
"The Big Bang Theory: Season 10: The Separation Agitation","03/02/2022"
"The Big Bang Theory: Season 10: The Recollection Dissipation","03/02/2022"
"The Big Bang Theory: Season 10: The Collaboration Fluctuation","03/02/2022"
"Another: Rough sketch","03/02/2022"
"The Big Bang Theory: Season 10: The Escape Hatch Identification","03/02/2022"
"Lucifer: Season 5: It Never Ends Well for the Chicken","03/02/2022"
"The Big Bang Theory: Season 10: The Comic-Con Conundrum","02/02/2022"
"The Big Bang Theory: Season 10: The Allowance Evaporation","02/02/2022"
"Lucifer: Season 5: ¡Diablo!","02/02/2022"
"Lucifer: Season 5: Lucifer! Lucifer! Lucifer!","01/02/2022"
"The Big Bang Theory: Season 10: The Locomotion Reverberation","01/02/2022"
"The Big Bang Theory: Season 10: The Emotion Detection Automation","01/02/2022"
"The Big Bang Theory: Season 10: The Romance Recalibration","01/02/2022"
"The Big Bang Theory: Season 10: The Holiday Summation","01/02/2022"
"Lucifer: Season 5: Really Sad Devil Guy","01/02/2022"
"Lucifer: Season 4: Who's da New King of Hell?","31/01/2022"
"Lucifer: Season 4: Save Lucifer","31/01/2022"
"Lucifer: Season 4: Super Bad Boyfriend","31/01/2022"
"The Big Bang Theory: Season 10: The Birthday Synchronicity","31/01/2022"
"The Big Bang Theory: Season 10: The Property Division Collision","31/01/2022"
"Demon Slayer: Kimetsu no Yaiba: Entertainment District Arc: Once We've Defeated the Upper Rank Demons","31/01/2022"
"Lucifer: Season 4: Devil Is as Devil Does","30/01/2022"
"The Big Bang Theory: Season 10: The Geology Elevation","30/01/2022"
"The Big Bang Theory: Season 10: The Brain Bowl Incubation","30/01/2022"
"The Big Bang Theory: Season 10: The Veracity Elasticity","30/01/2022"
"The Big Bang Theory: Season 10: The Fetal Kick Catalyst","29/01/2022"
"The Big Bang Theory: Season 10: The Hot Tub Contamination","29/01/2022"
"The Big Bang Theory: Season 10: The Cohabitation Experimentation","29/01/2022"
"The Big Bang Theory: Season 10: The Dependence Transcendence","29/01/2022"
"The Big Bang Theory: Season 10: The Military Miniaturization","29/01/2022"
"The Big Bang Theory: Season 10: The Conjugal Conjecture","29/01/2022"
"The Big Bang Theory: Season 9: The Convergence Convergence","29/01/2022"
"Spider-Man: Into the Spider-Verse","28/01/2022"
"The Big Bang Theory: Season 9: The Line Substitution Solution","28/01/2022"
"The Big Bang Theory: Season 9: The Fermentation Bifurcation","28/01/2022"
"The Big Bang Theory: Season 9: The Viewing Party Combustion","28/01/2022"
"The Big Bang Theory: Season 9: The Big Bear Precipitation","28/01/2022"
"This Is the End","27/01/2022"
"The Big Bang Theory: Season 9: The Solder Excursion Diversion","27/01/2022"
"The Big Bang Theory: Season 9: The Application Deterioration","27/01/2022"
"Black Mirror: Season 2: White Christmas","27/01/2022"
"Black Mirror: Season 2: The Waldo Moment","26/01/2022"
"The Big Bang Theory: Season 9: The Celebration Experimentation","26/01/2022"
"The Big Bang Theory: Season 9: The Positive Negative Reaction","26/01/2022"
"Black Mirror: Season 2: White Bear","25/01/2022"
"The Big Bang Theory: Season 9: The Valentino Submergence","25/01/2022"
"Black Mirror: Season 3: Nosedive","25/01/2022"
"The Big Bang Theory: Season 9: The Meemaw Materialization","25/01/2022"
"The Big Bang Theory: Season 9: The Empathy Optimization","25/01/2022"
"Black Mirror: Season 2: Be Right Back","25/01/2022"
"Black Mirror: Season 5: Smithereens","25/01/2022"
"Demon Slayer: Kimetsu no Yaiba: Entertainment District Arc: Gathering","24/01/2022"
"The Big Bang Theory: Season 9: The Sales Call Sublimation","24/01/2022"
"The Big Bang Theory: Season 9: The Opening Night Excitation","24/01/2022"
"The Big Bang Theory: Season 9: The Earworm Reverberation","24/01/2022"
"The Big Bang Theory: Season 9: The Platonic Permutation","24/01/2022"
"The Big Bang Theory: Season 9: The Mystery Date Observation","23/01/2022"
"The Big Bang Theory: Season 9: The Spock Resonance","23/01/2022"
"The Big Bang Theory: Season 9: The Helium Insufficiency","23/01/2022"
"The Big Bang Theory: Season 9: The Perspiration Implementation","22/01/2022"
"The Big Bang Theory: Season 9: The 2003 Approximation","22/01/2022"
"Black Mirror: Season 1: The Entire History of You","21/01/2022"
"Black Mirror: Season 1: Fifteen Million Merits","21/01/2022"
"Black Mirror: Season 1: The National Anthem","19/01/2022"
"The Big Bang Theory: Season 9: The Bachelor Party Corrosion","19/01/2022"
"The Big Bang Theory: Season 9: The Separation Oscillation","19/01/2022"
"The Big Bang Theory: Season 9: The Matrimonial Momentum","19/01/2022"
"The Big Bang Theory: Season 8: The Commitment Determination","18/01/2022"
"The Big Bang Theory: Season 8: The Maternal Combustion","18/01/2022"
"The Big Bang Theory: Season 8: The Graduation Transmission","18/01/2022"
"Demon Slayer: Kimetsu no Yaiba: Entertainment District Arc: Transfiguration","18/01/2022"
"The Big Bang Theory: Season 8: The Communication Deterioration","17/01/2022"
"The Big Bang Theory: Season 8: The Fortification Implementation","17/01/2022"
"The Big Bang Theory: Season 8: The Skywalker Incursion","16/01/2022"
"Lucifer: Season 4: Orgy Pants to Work","14/01/2022"
"The Big Bang Theory: Season 8: The Leftover Thermalization","13/01/2022"
"The Big Bang Theory: Season 8: The Colonization Application","13/01/2022"
"Castlevania: Season 1: Witchbottle","12/01/2022"
"Lucifer: Season 4: Expire Erect","12/01/2022"
"The Big Bang Theory: Season 8: The Intimacy Acceleration","11/01/2022"
"The Big Bang Theory: Season 8: The Comic Book Store Regeneration","11/01/2022"
"The Big Bang Theory: Season 8: The Troll Manifestation","11/01/2022"
"The Big Bang Theory: Season 8: The Anxiety Optimization","11/01/2022"
"Demon Slayer: Kimetsu no Yaiba: Entertainment District Arc: Layered Memories","11/01/2022"
"The Big Bang Theory: Season 8: The Space Probe Disintegration","10/01/2022"
"The Silent Sea: The Silent Sea","10/01/2022"
"The Silent Sea: Luna","10/01/2022"
"The Big Bang Theory: Season 8: The Clean Room Infiltration","10/01/2022"
"The Silent Sea: Key to Salvation","10/01/2022"
"The Silent Sea: Secret Storage","09/01/2022"
"The Silent Sea: The Truth Comes Out","09/01/2022"
"The Silent Sea: Cause of Death","09/01/2022"
"The Big Bang Theory: Season 8: The Champagne Reflection","09/01/2022"
"The Big Bang Theory: Season 8: The Septum Deviation","09/01/2022"
"The Big Bang Theory: Season 8: The Prom Equivalency","09/01/2022"
"The Silent Sea: Three Storages","09/01/2022"
"The Silent Sea: Balhae Lunar Research Station","09/01/2022"
"The Big Bang Theory: Season 8: The Misinterpretation Agitation","07/01/2022"
"Lucifer: Season 4: All About Eve","07/01/2022"
"Lucifer: Season 4: O, Ye of Little Faith, Father","06/01/2022"
"The Big Bang Theory: Season 8: The Expedition Approximation","06/01/2022"
"The Big Bang Theory: Season 8: The Focus Attenuation","06/01/2022"
"The Big Bang Theory: Season 8: The Hook-Up Reverberation","06/01/2022"
"Black Mirror: Season 5: Striking Vipers","06/01/2022"
"The Big Bang Theory: Season 8: The First Pitch Insufficiency","06/01/2022"
"The Big Bang Theory: Season 8: The Junior Professor Solution","05/01/2022"
"Lucifer: Season 4: Somebody’s Been Reading Dante’s Inferno","05/01/2022"
"The Big Bang Theory: Season 8: The Locomotion Interruption","05/01/2022"
"The Big Bang Theory: Season 7: The Status Quo Combustion","05/01/2022"
"The Big Bang Theory: Season 7: The Gorilla Dissolution","05/01/2022"
"The Big Bang Theory: Season 7: The Proton Transmogrification","04/01/2022"
"The Big Bang Theory: Season 7: The Anything Can Happen Recurrence","04/01/2022"
"The Big Bang Theory: Season 7: The Relationship Diremption","04/01/2022"
"The Big Bang Theory: Season 7: The Indecision Amalgamation","04/01/2022"
"The Big Bang Theory: Season 7: The Mommy Observation","04/01/2022"
"The Big Bang Theory: Season 7: The Friendship Turbulence","03/01/2022"
"Demon Slayer: Kimetsu no Yaiba: Entertainment District Arc: Things Are Gonna Get Real Flashy!","03/01/2022"
"The Big Bang Theory: Season 7: The Table Polarization","03/01/2022"
"The Big Bang Theory: Season 7: The Locomotive Manipulation","03/01/2022"
"The Big Bang Theory: Season 7: The Convention Conundrum","03/01/2022"
"Lucifer: Season 4: Everything's Okay","03/01/2022"
"Lucifer: Season 3: Once Upon a Time","03/01/2022"
"Lucifer: Season 3: Boo Normal","03/01/2022"
"Lucifer: Season 3: A Devil of My Word","03/01/2022"
"Lucifer: Season 3: Quintessential Deckerstar","02/01/2022"
"Lucifer: Season 3: All Hands on Decker","02/01/2022"
"Lucifer: Season 3: Anything Pierce Can Do I Can Do Better","02/01/2022"
"The Big Bang Theory: Season 7: The Occupation Recalibration","02/01/2022"
"The Big Bang Theory: Season 7: The Hesitation Ramification","02/01/2022"
"Lucifer: Season 3: The Angel of San Bernardino","02/01/2022"
"The Big Bang Theory: Season 7: The Cooper Extraction","01/01/2022"
"The Big Bang Theory: Season 7: The Discovery Dissipation","01/01/2022"
"District 9","01/01/2022"
"Rick and Morty: Season 1: Pilot","01/01/2022"
"The Big Bang Theory: Season 7: The Thanksgiving Decoupling","01/01/2022"
"The Big Bang Theory: Season 7: The Itchy Brain Simulation","01/01/2022"
"Lucifer: Season 3: Orange Is the New Maze","31/12/2021"
"Lucifer: Season 3: The Last Heartbreak","31/12/2021"
"Lucifer: Season 3: Let Pinhead Sing!","31/12/2021"
"Lucifer: Season 3: Infernal Guinea Pig","31/12/2021"
"Lucifer: Season 3: High School Poppycock","31/12/2021"
"Lucifer: Season 3: My Brother's Keeper","31/12/2021"
"Lucifer: Season 3: 'Til Death Do Us Part","30/12/2021"
"The Big Bang Theory: Season 7: The Proton Displacement","30/12/2021"
"The Big Bang Theory: Season 7: The Romance Resonance","30/12/2021"
"Lucifer: Season 3: All About Her","30/12/2021"
"The Big Bang Theory: Season 7: The Workplace Proximity","30/12/2021"
"Lucifer: Season 3: City of Angels?","29/12/2021"
"Lucifer: Season 3: The Sin Bin","29/12/2021"
"The Big Bang Theory: Season 7: The Raiders Minimization","28/12/2021"
"The Big Bang Theory: Season 7: The Scavenger Vortex","28/12/2021"
"Demon Slayer: Kimetsu no Yaiba: Entertainment District Arc: Tonight","28/12/2021"
"The Big Bang Theory: Season 7: The Deception Verification","28/12/2021"
"The Big Bang Theory: Season 7: The Hofstadter Insufficiency","28/12/2021"
"The Big Bang Theory: Season 6: The Bon Voyage Reaction","28/12/2021"
"The Big Bang Theory: Season 6: The Love Spell Potential","28/12/2021"
"The Big Bang Theory: Season 6: The Proton Resurgence","28/12/2021"
"The Big Bang Theory: Season 6: The Closure Alternative","28/12/2021"
"The Big Bang Theory: Season 6: The Tenure Turbulence","27/12/2021"
"Lucifer: Season 3: The Sinnerman","27/12/2021"
"The Big Bang Theory: Season 6: The Closet Reconfiguration","27/12/2021"
"The Big Bang Theory: Season 6: The Contractual Obligation Implementation","27/12/2021"
"The Matrix","26/12/2021"
"The Big Bang Theory: Season 6: The Monster Isolation","26/12/2021"
"Lucifer: Season 3: Chloe Does Lucifer","26/12/2021"
"The Big Bang Theory: Season 6: The Tangible Affection Proof","25/12/2021"
"Lucifer: Season 3: Off the Record","25/12/2021"
"Lucifer: Season 3: Vegas with Some Radish","25/12/2021"
"The Big Bang Theory: Season 6: The Spoiler Alert Segmentation","25/12/2021"
"The Big Bang Theory: Season 6: The Cooper/Kripke Inversion","24/12/2021"
"The Big Bang Theory: Season 6: The Bakersfield Expedition","24/12/2021"
"The Big Bang Theory: Season 6: The Egg Salad Equivalency","24/12/2021"
"The Big Bang Theory: Season 6: The Santa Simulation","24/12/2021"
"The Big Bang Theory: Season 6: The Fish Guts Displacement","24/12/2021"
"The Big Bang Theory: Season 6: The Parking Spot Escalation","23/12/2021"
"The Big Bang Theory: Season 6: The 43 Peculiarity","23/12/2021"
"Lucifer: Season 3: Welcome Back, Charlotte Richards","23/12/2021"
"Lucifer: Season 3: What Would Lucifer Do?","23/12/2021"
"Lucifer: Season 3: Mr. and Mrs. Mazikeen Smith","23/12/2021"
"The Big Bang Theory: Season 6: The Habitation Configuration","23/12/2021"
"The Big Bang Theory: Season 6: The Extract Obliteration","23/12/2021"
"Red Notice","23/12/2021"
"The Big Bang Theory: Season 6: The Holographic Excitation","22/12/2021"
"The Big Bang Theory: Season 6: The Re-Entry Minimization","22/12/2021"
"The Big Bang Theory: Season 6: The Higgs Boson Observation","22/12/2021"
"Lucifer: Season 3: The One with the Baby Carrot","22/12/2021"
"The Big Bang Theory: Season 6: The Decoupling Fluctuation","21/12/2021"
"The Big Bang Theory: Season 6: The Date Night Variable","21/12/2021"
"The Big Bang Theory: Season 5: The Countdown Reflection","21/12/2021"
"The Big Bang Theory: Season 5: The Launch Acceleration","21/12/2021"
"The Big Bang Theory: Season 5: The Stag Convergence","21/12/2021"
"The Big Bang Theory: Season 5: The Hawking Excitation","21/12/2021"
"The Big Bang Theory: Season 5: The Transporter Malfunction","21/12/2021"
"The Big Bang Theory: Season 5: The Weekend Vortex","21/12/2021"
"Lucifer: Season 3: They're Back, Aren't They?","20/12/2021"
"Lucifer: Season 2: The Good, The Bad and The Crispy","20/12/2021"
"The Big Bang Theory: Season 5: The Werewolf Transformation","20/12/2021"
"Lucifer: Season 2: Sympathy for the Goddess","20/12/2021"
"Lucifer: Season 2: God Johnson","20/12/2021"
"The Big Bang Theory: Season 5: The Rothman Disintegration","20/12/2021"
"Demon Slayer: Kimetsu no Yaiba: Entertainment District Arc: What Are You?","20/12/2021"
"Lucifer: Season 2: Deceptive Little Parasite","20/12/2021"
"The Big Bang Theory: Season 5: The Vacation Solution","19/12/2021"
"Lucifer: Season 2: Candy Morningstar","19/12/2021"
"The Big Bang Theory: Season 5: The Friendship Contraction","19/12/2021"
"Lucifer: Season 2: A Good Day to Die","19/12/2021"
"The Big Bang Theory: Season 5: The Beta Test Initiation","18/12/2021"
"The Big Bang Theory: Season 5: The Recombination Hypothesis","18/12/2021"
"The Big Bang Theory: Season 5: The Shiny Trinket Maneuver","17/12/2021"
"The Big Bang Theory: Season 5: The Speckerman Recurrence","17/12/2021"
"The Big Bang Theory: Season 5: The Flaming Spittoon Acquisition","17/12/2021"
"Lucifer: Season 2: Love Handles","17/12/2021"
"The Big Bang Theory: Season 5: The Ornithophobia Diffusion","17/12/2021"
"Lucifer: Season 2: Stewardess Interruptus","17/12/2021"
"Lucifer: Season 2: Quid Pro Ho","16/12/2021"
"The Big Bang Theory: Season 5: The Isolation Permutation","16/12/2021"
"The Big Bang Theory: Season 5: The Good Guy Fluctuation","16/12/2021"
"Lucifer: Season 2: Homewrecker","15/12/2021"
"Lucifer: Season 2: Trip to Stabby Town","15/12/2021"
"The Big Bang Theory: Season 5: The Rhinitis Revelation","15/12/2021"
"Demon Slayer: Kimetsu no Yaiba: Entertainment District Arc: Infiltrating the Entertainment District","15/12/2021"
"The Big Bang Theory: Season 5: The Russian Rocket Reaction","15/12/2021"
"Lucifer: Season 2: My Little Monkey","14/12/2021"
"The Big Bang Theory: Season 5: The Wiggly Finger Catalyst","14/12/2021"
"The Big Bang Theory: Season 5: The Pulled Groin Extrapolation","14/12/2021"
"Lucifer: Season 2: Monster","13/12/2021"
"The Big Bang Theory: Season 5: The Infestation Hypothesis","13/12/2021"
"The Big Bang Theory: Season 5: The Skank Reflex Analysis","13/12/2021"
"The Big Bang Theory: Season 4: The Roommate Transmogrification","12/12/2021"
"The Big Bang Theory: Season 4: The Engagement Reaction","12/12/2021"
"The Big Bang Theory: Season 4: The Wildebeest Implementation","12/12/2021"
"The Big Bang Theory: Season 4: The Agreement Dissection","12/12/2021"
"The Big Bang Theory: Season 4: The Herb Garden Germination","12/12/2021"
"Lucifer: Season 2: The Weaponizer","12/12/2021"
"Lucifer: Season 2: Lady Parts","11/12/2021"
"Lucifer: Season 2: Sin-Eater","11/12/2021"
"The Big Bang Theory: Season 4: The Zarnecki Incursion","11/12/2021"
"The Big Bang Theory: Season 4: The Prestidigitation Approximation","11/12/2021"
"The Big Bang Theory: Season 4: The Toast Derivation","11/12/2021"
"The Big Bang Theory: Season 4: The Cohabitation Formulation","11/12/2021"
"The Big Bang Theory: Season 4: The Benefactor Factor","11/12/2021"
"The Big Bang Theory: Season 4: The Thespian Catalyst","10/12/2021"
"The Big Bang Theory: Season 4: The Love Car Displacement","10/12/2021"
"The Big Bang Theory: Season 4: The Bus Pants Utilization","09/12/2021"
"Lucifer: Season 2: Liar, Liar, Slutty Dress on Fire","09/12/2021"
"The Big Bang Theory: Season 4: The Justice League Recombination","09/12/2021"
"The Big Bang Theory: Season 4: The Alien Parasite Hypothesis","09/12/2021"
"The Big Bang Theory: Season 4: The Boyfriend Complexity","08/12/2021"
"The Big Bang Theory: Season 4: The 21-Second Excitation","08/12/2021"
"The Big Bang Theory: Season 4: The Apology Insufficiency","08/12/2021"
"The Big Bang Theory: Season 4: The Irish Pub Formulation","08/12/2021"
"The Big Bang Theory: Season 4: The Desperation Emanation","08/12/2021"
"The Big Bang Theory: Season 4: The Hot Troll Deviation","08/12/2021"
"The Big Bang Theory: Season 4: The Zazzy Substitution","07/12/2021"
"The Big Bang Theory: Season 4: The Cruciferous Vegetable Amplification","07/12/2021"
"The Big Bang Theory: Season 4: The Robotic Manipulation","07/12/2021"
"The Big Bang Theory: Season 3: The Lunar Excitation","07/12/2021"
"The Big Bang Theory: Season 3: The Staircase Implementation","06/12/2021"
"The Big Bang Theory: Season 3: The Plimpton Stimulation","06/12/2021"
"The Big Bang Theory: Season 3: The Precious Fragmentation","06/12/2021"
"The Big Bang Theory: Season 3: The Excelsior Acquisition","06/12/2021"
"Lucifer: Season 2: Everything's Coming Up Lucifer","06/12/2021"
"Demon Slayer: Kimetsu no Yaiba: Entertainment District Arc: Sound Hashira Tengen Uzui","06/12/2021"
"The Big Bang Theory: Season 3: The Spaghetti Catalyst","04/12/2021"
"The Big Bang Theory: Season 3: The Wheaton Recurrence","04/12/2021"
"The Big Bang Theory: Season 3: The Pants Alternative","04/12/2021"
"The Big Bang Theory: Season 3: The Large Hadron Collision","04/12/2021"
"The Big Bang Theory: Season 3: The Einstein Approximation","04/12/2021"
"The Big Bang Theory: Season 3: The Bozeman Reaction","04/12/2021"
"The Big Bang Theory: Season 3: The Psychic Vortex","03/12/2021"
"The Big Bang Theory: Season 3: The Maternal Congruence","03/12/2021"
"The Big Bang Theory: Season 3: The Gorilla Experiment","03/12/2021"
"The Big Bang Theory: Season 3: The Vengeance Formulation","03/12/2021"
"The Big Bang Theory: Season 3: The Adhesive Duck Deficiency","02/12/2021"
"The Big Bang Theory: Season 3: The Guitarist Amplification","02/12/2021"
"The Big Bang Theory: Season 3: The Cornhusker Vortex","02/12/2021"
"The Big Bang Theory: Season 3: The Creepy Candy Coating Corollary","02/12/2021"
"The Big Bang Theory: Season 3: The Pirate Solution","01/12/2021"
"The Big Bang Theory: Season 3: The Gothowitz Deviation","01/12/2021"
"The Big Bang Theory: Season 3: The Jiminy Conjecture","01/12/2021"
"The Big Bang Theory: Season 3: The Electric Can Opener Fluctuation","01/12/2021"
"The Big Bang Theory: Season 2: The Monopolar Expedition","01/12/2021"
"The Big Bang Theory: Season 2: The Classified Materials Turbulence","01/12/2021"
"The Big Bang Theory: Season 2: The Vegas Renormalization","01/12/2021"
"Lucifer: Season 1: Take Me Back to Hell","30/11/2021"
"Lucifer: Season 1: #TeamLucifer","30/11/2021"
"The Big Bang Theory: Season 2: The Hofstadter Isotope","30/11/2021"
"The Big Bang Theory: Season 2: The Dead Hooker Juxtaposition","30/11/2021"
"The Big Bang Theory: Season 2: The Work Song Nanocluster","30/11/2021"
"The Big Bang Theory: Season 2: The Terminator Decoupling","30/11/2021"
"The Big Bang Theory: Season 2: The Cushion Saturation","29/11/2021"
"The Big Bang Theory: Season 2: The Maternal Capacitance","29/11/2021"
"The Big Bang Theory: Season 2: The Financial Permeability","29/11/2021"
"Lucifer: Season 1: St. Lucifer","29/11/2021"
"Lucifer: Season 1: Pops","28/11/2021"
"The Big Bang Theory: Season 2: The Friendship Algorithm","28/11/2021"
"The Big Bang Theory: Season 2: The Killer Robot Instability","28/11/2021"
"Demon Slayer: Kimetsu no Yaiba: Mugen Train Arc: Set Your Heart Ablaze","28/11/2021"
"The Big Bang Theory: Season 2: The Bath Item Gift Hypothesis","28/11/2021"
"Demon Slayer: Kimetsu no Yaiba: Mugen Train Arc: Akaza","28/11/2021"
"Demon Slayer: Kimetsu no Yaiba: Mugen Train Arc: Move Forward!","28/11/2021"
"Demon Slayer: Kimetsu no Yaiba: Mugen Train Arc: Insult","28/11/2021"
"Demon Slayer: Kimetsu no Yaiba: Mugen Train Arc: Should Have Been","28/11/2021"
"The Big Bang Theory: Season 2: The Vartabedian Conundrum","28/11/2021"
"The Big Bang Theory: Season 2: The White Asparagus Triangulation","28/11/2021"
"Lucifer: Season 1: A Priest Walks into a Bar","28/11/2021"
"The Big Bang Theory: Season 2: The Lizard-Spock Expansion","28/11/2021"
"Demon Slayer: Kimetsu no Yaiba: Mugen Train Arc: Deep Slumber","27/11/2021"
"Demon Slayer: Kimetsu no Yaiba: Mugen Train Arc: Flame Hashira Kyojuro Rengoku","27/11/2021"
"The Big Bang Theory: Season 2: The Panty Piñata Polarization","27/11/2021"
"The Big Bang Theory: Season 2: The Cooper-Nowitzki Theorem","27/11/2021"
"Demon Slayer: Kimetsu no Yaiba: Tanjiro Kamado, Unwavering Resolve Arc: New Mission","27/11/2021"
"Demon Slayer: Kimetsu no Yaiba: Tanjiro Kamado, Unwavering Resolve Arc: Tsuguko, Kanao Tsuyuri","27/11/2021"
"Demon Slayer: Kimetsu no Yaiba: Tanjiro Kamado, Unwavering Resolve Arc: Rehabilitation Training","27/11/2021"
"Demon Slayer: Kimetsu no Yaiba: Tanjiro Kamado, Unwavering Resolve Arc: Hashira Meeting","27/11/2021"
"Demon Slayer: Kimetsu no Yaiba: Tanjiro Kamado, Unwavering Resolve Arc: Master of the Mansion","27/11/2021"
"Demon Slayer: Kimetsu no Yaiba: Tanjiro Kamado, Unwavering Resolve Arc: Against Corps Rules","27/11/2021"
"Johnny English","27/11/2021"
"The Big Bang Theory: Season 2: The Euclid Alternative","26/11/2021"
"The Big Bang Theory: Season 2: The Griffin Equivalency","26/11/2021"
"Lucifer: Season 1: Et Tu, Doctor?","26/11/2021"
"The Big Bang Theory: Season 2: The Barbarian Sublimation","26/11/2021"
"The Big Bang Theory: Season 2: The Codpiece Topology","26/11/2021"
"Arcane: The Monster You Created","26/11/2021"
"The Big Bang Theory: Season 2: The Bad Fish Paradigm","26/11/2021"
"Arcane: Oil and Water","26/11/2021"
"Arcane: The Boy Savior","26/11/2021"
"Lucifer: Season 1: Wingman","25/11/2021"
"The Big Bang Theory: Season 1: The Tangerine Factor","25/11/2021"
"The Big Bang Theory: Season 1: The Peanut Reaction","25/11/2021"
"The Big Bang Theory: Season 1: The Pork Chop Indeterminacy","25/11/2021"
"The Big Bang Theory: Season 1: The Nerdvana Annihilation","24/11/2021"
"The Big Bang Theory: Season 1: The Bat Jar Conjecture","24/11/2021"
"Arcane: When These Walls Come Tumbling Down","24/11/2021"
"The Big Bang Theory: Season 1: The Jerusalem Duality","23/11/2021"
"The Big Bang Theory: Season 1: The Pancake Batter Anomaly","23/11/2021"
"The Big Bang Theory: Season 1: The Loobenfeld Decay","23/11/2021"
"The Big Bang Theory: Season 1: The Cooper-Hofstadter Polarization","23/11/2021"
"The Big Bang Theory: Season 1: The Grasshopper Experiment","23/11/2021"
"The Big Bang Theory: Season 1: The Dumpling Paradox","23/11/2021"
"Arcane: Everybody Wants to Be My Enemy","22/11/2021"
"Demon Slayer: Kimetsu no Yaiba: Tanjiro Kamado, Unwavering Resolve Arc: Pretend Family","19/11/2021"
"Demon Slayer: Kimetsu no Yaiba: Tanjiro Kamado, Unwavering Resolve Arc: Hinokami","19/11/2021"
"Demon Slayer: Kimetsu no Yaiba: Tanjiro Kamado, Unwavering Resolve Arc: A Forged Bond","19/11/2021"
"Arcane: Happy Progress Day!","19/11/2021"
"Arcane: Some Mysteries Are Better Left Unsolved","19/11/2021"
"The Big Bang Theory: Season 1: The Middle Earth Paradigm","19/11/2021"
"The Big Bang Theory: Season 1: The Hamburger Postulate","19/11/2021"
"The Big Bang Theory: Season 1: The Luminous Fish Effect","19/11/2021"
"The Big Bang Theory: Season 1: The Fuzzy Boots Corollary","19/11/2021"
"Demon Slayer: Kimetsu no Yaiba: Tanjiro Kamado, Unwavering Resolve Arc: You Must Master a Single Thing","19/11/2021"
"Arcane: Welcome to the Playground","19/11/2021"
"The Big Bang Theory: Season 1: The Big Bran Hypothesis","18/11/2021"
"The Big Bang Theory: Season 1: Pilot","18/11/2021"
"Arcane: The Base Violence Necessary for Change","18/11/2021"
"The IT Crowd: Series 5: The Final Episode","17/11/2021"
"The IT Crowd: Series 4: Reynholm vs Reynholm","17/11/2021"
"Venom","17/11/2021"
"The IT Crowd: Series 4: Bad Boys","16/11/2021"
"The IT Crowd: Series 4: Italian for Beginners","15/11/2021"
"The IT Crowd: Series 4: Something Happened","15/11/2021"
"The IT Crowd: Series 4: The Final Countdown","14/11/2021"
"The IT Crowd: Series 4: Jen the Fredo","14/11/2021"
"The IT Crowd: Series 3: Calendar Geeks","14/11/2021"
"Demon Slayer: Kimetsu no Yaiba: Tanjiro Kamado, Unwavering Resolve Arc: Letting Someone Else Go First","14/11/2021"
"Demon Slayer: Kimetsu no Yaiba: Tanjiro Kamado, Unwavering Resolve Arc: Mount Natagumo","14/11/2021"
"Demon Slayer: Kimetsu no Yaiba: Tanjiro Kamado, Unwavering Resolve Arc: The House with the Wisteria Family Crest","14/11/2021"
"Lucifer: Season 1: Favorite Son","13/11/2021"
"Lucifer: Season 1: Sweet Kicks","13/11/2021"
"Untouchable","13/11/2021"
"Lucifer: Season 1: Manly Whatnots","13/11/2021"
"Demon Slayer: Kimetsu no Yaiba: Tanjiro Kamado, Unwavering Resolve Arc: Something More Important Than Life","13/11/2021"
"Demon Slayer: Kimetsu no Yaiba: Tanjiro Kamado, Unwavering Resolve Arc: The Boar Bares Its Fangs, Zenitsu Sleeps","13/11/2021"
"Demon Slayer: Kimetsu no Yaiba: Tanjiro Kamado, Unwavering Resolve Arc: Tsuzumi Mansion","13/11/2021"
"The IT Crowd: Series 3: Friendface","13/11/2021"
"Brooklyn Nine-Nine: Season 7: Pimemento","12/11/2021"
"The IT Crowd: Series 3: The Speech","12/11/2021"
"Brooklyn Nine-Nine: Season 7: Captain Kim","11/11/2021"
"The IT Crowd: Series 3: Tramps Like Us","11/11/2021"
"Lucifer: Season 1: The Would-Be Prince of Darkness","11/11/2021"
"Brooklyn Nine-Nine: Season 7: Manhunter","10/11/2021"
"The IT Crowd: Series 3: Are We Not Men?","10/11/2021"
"Lucifer: Season 1: Lucifer, Stay. Good Devil.","10/11/2021"
"The IT Crowd: Series 3: From Hell","10/11/2021"
"The IT Crowd: Series 2: Men Without Women","09/11/2021"
"The IT Crowd: Series 2: Smoke and Mirrors","09/11/2021"
"Money Heist: Part 5: The End of the Road","09/11/2021"
"Lucifer: Season 1: Pilot","08/11/2021"
"The IT Crowd: Series 2: The Dinner Party","08/11/2021"
"Demon Slayer: Kimetsu no Yaiba: Tanjiro Kamado, Unwavering Resolve Arc: Together Forever","08/11/2021"
"Demon Slayer: Kimetsu no Yaiba: Tanjiro Kamado, Unwavering Resolve Arc: Temari Demon and Arrow Demon","07/11/2021"
"Demon Slayer: Kimetsu no Yaiba: Tanjiro Kamado, Unwavering Resolve Arc: The Smell of Enchanting Blood","07/11/2021"
"Demon Slayer: Kimetsu no Yaiba: Tanjiro Kamado, Unwavering Resolve Arc: Muzan Kibutsuji","07/11/2021"
"Demon Slayer: Kimetsu no Yaiba: Tanjiro Kamado, Unwavering Resolve Arc: Swordsman Accompanying a Demon","07/11/2021"
"Demon Slayer: Kimetsu no Yaiba: Tanjiro Kamado, Unwavering Resolve Arc: My Own Steel","06/11/2021"
"Demon Slayer: Kimetsu no Yaiba: Tanjiro Kamado, Unwavering Resolve Arc: Final Selection","06/11/2021"
"Demon Slayer: Kimetsu no Yaiba: Tanjiro Kamado, Unwavering Resolve Arc: Sabito and Makomo","06/11/2021"
"Demon Slayer: Kimetsu no Yaiba: Tanjiro Kamado, Unwavering Resolve Arc: Trainer Sakonji Urokodaki","06/11/2021"
"The IT Crowd: Series 2: Moss and the German","06/11/2021"
"The IT Crowd: Series 2: Return of the Golden Child","06/11/2021"
"Demon Slayer: Kimetsu no Yaiba: Tanjiro Kamado, Unwavering Resolve Arc: Cruelty","01/11/2021"
"The IT Crowd: Series 2: The Work Outing","01/11/2021"
"The IT Crowd: Series 1: Aunt Irma Visits","01/11/2021"
"The IT Crowd: Series 1: The Haunting of Bill Crouse","31/10/2021"
"The IT Crowd: Series 1: The Red Door","31/10/2021"
"The IT Crowd: Series 1: Fifty-Fifty","31/10/2021"
"The IT Crowd: Series 1: Calamity Jen","31/10/2021"
"The IT Crowd: Series 1: Yesterday's Jam","31/10/2021"
